Quadrant,Frequency_lp_mm,Mean_MTF,Std_MTF,Median_MTF,Min_MTF,Max_MTF,Num_Pairs,SNR_dB
1,7,0.062457,0.020373,0.056384,0.037070,0.110139,10,3.85
2,6,0.253731,0.164481,0.253731,0.137426,0.370037,2,-0.96
3,5,0.047973,0.041799,0.039497,0.019616,0.167278,11,4.92
4,4,0.132551,0.125366,0.084112,0.050573,0.353750,5,-9.76
